,0
6811,GIRL REALLY?????
278,Idk what she did. But i forgive her.
3005,thereâ€™s literally no way this is real
394,"I vote this the BEST APOLOGY VIDEO of all time, this is a future Youtube CLASSIC in real time... <br>But i'm a sucker for musicals and i don't know what the fuck happened or care to find out beyond this video"
7021,new worst YouTube apology vid dropped. Laura lee could never
5081,I like your video Colleen
5708,youâ€™re delusional
1006,Are you kidding me?!!
5171,WHAT IS HAPPENING BROâ€¦? ğŸ˜¨
2137,What happened to crying in front of a camera
9303,I love you.
3956,"bet you didn't watch this back after you finish recording it, eh? girl, be fucking for real, no one told you this wasn't a good idea?"
1308,huhhhhhhh
2969,girl??
7294,not everyone believes these accusstions about you <3 you have people on your side that can see past the screenshots missing context
5585,Ok Iâ€™m 13 seconds in - is she taking the fucking piss ğŸ˜…
3472,Omg please donâ€™t sing please donâ€™t sing ğŸ˜†
2749,Holy shit.
1207,You have got to be kidding me.
9948,Omgshut up
5678,ğŸ«¶ğŸ»ğŸ«¶ğŸ»ğŸ«¶ğŸ»
7200,I respect her for this honestly
8038,Oh my god
2921,Girl my mind was never changed. I love you. You're incredible is so many ways. I'm so happy you have a wonderful family that will support your through all of this. I hope you'll be okay. I'm proud of you for not addressing all of this sensationalism. <b>snaps</b>
603,I love you.  What's going on sucks!
877,Youâ€™re disturbing. Get help.
9435,Iâ€™ve always loved Colleen and always will â¤
7618,Yikes.
8781,I had a really hard time lately not being able to watch new videos for you. And Iâ€™ve been so worried about you. But this made me so happy to see/hear. You did an apology in a true Colleen fashion and I loved. Kept being you and donâ€™t let people bring you downâ¤
5011,"girl you really thought you ate, huh? ğŸ˜­"
3709,Responding to very serious accusations (that have a lot of evidence to back them up) with a song is the most tone deaf thing Iâ€™ve ever seen
5037,In what universe is this â€œtaking accountabilityâ€? You called everyone calling you out liars even though thereâ€™s an avalanche of screenshots and videos.
7736,"I'm not sure how I feel, not sure singing and not really apologizing was the way to go. But I'm glad to see you here, I've missed you and I hope you are okay."
502,No bc she is actually making a point and you people are saying it is cringy when she's trying to apologize even tho she did nothing wrong
8902,literally what is this
6832,"Whoa, thousands of people against one, very mature â€¦"
2176,"This is unreal, like just excuses and saying nothing is true, and to sing on top of that, so fucking insulting to everyone she harmed"
461,Whyâ€™d everyone just start coming at her ğŸ˜ª but I love her singing voice tho itâ€™s actually good ğŸ˜º
8190,This is the best!! I love it!
3485,"Happy to see you, seriously. Those who have been following you for many years know what growth and change looks like. We miss you."
4123,Worse way you couldve responded maybe next time ACTUALLY take accountability fr pathetic
4489,IS SHE SERIOUS??????
2807,HELLO?
4010,"You do realise youâ€™re talking about kids here, right? Kids that are traumatised? I have always supported you, but this is wild. It just comes across as so disconnected and remorseless."
4316,We ainâ€™t getting out of the hood with this one!!
1536,"You're SO creepy, omg."
2006,Her PR team should be fired immediately for this lol
9011,I love you so much I missed you â¤
5523,You made this video to throw a pity party for yourself. Take some damn responsibility.
38,"I've been watching colleen and stopped but still sometimes watched her videos but if you people actually watched colleen and Miranda yall would know colleen anit like that cause now the Genz is so sensitive and snowflakes because 1 person did a mistake and all these things were back then in the 2010's and the humor and status were different then like people could take jokes and the thing with Adam if u watched the stream he SPECIFICALLY asked for the panties because she was unboxing random things and was giving it away and with the girl who was ""exposed"" on stage she wanted to get called up for the corn challenge but got called up for yoga and she could've denied it and didn't go up but she did so its basically her fault for going on stage knowing her outfit was revealing and with the kid and cheeseballs he could've said he didn't but that was all an innocent act u can hear the parents and children laughing in the crowd so all this is absolutely bogus because when something comes out and you realize colleen was right and innocent yall gonna look real dumb and if those people were victim's I'm sorry but everyone should not be jumping on colleen like this cause yall loved her and now all of sudden hate her make it make sense because if you were a fan you'd defend her and not accuse her so what is this like all these people are so invested in someone else's life and making a big deal out of it and now that technology is advanced there's things that can be fake and generated so yall shouldn't be riding colleen like its the toxic gossip train so yall really need to calm down with all this she made an apology and you guys are upset about it this is wildddd"
129,just leave her alone. you guys are getting over something from so long ago that she didnâ€™t do anything
9870,I know this must be so hard â¤ stay strong!
7270,Girlâ€¦
3977,ohâ€¦
6712,"From the true words of our beloved FASH ""forgetting to buy groceries is a mistake,this is BETRAYAL!!!"""
1179,and thatâ€™s what you missed on glee
8002,"Happy to see this. It was great to meet you on Saturday in Chicago & watch your show - so glad my mom & I were there! I'll never forget thanking you for sharing so openly about your pregnancies, as I am in week 23 of my first one. Excited to see you again in Ann Arbor in a few weeks!"
5729,â€œ Not based on factsâ€ literally on video and record
670,I love you Colleen. I miss you videos I watched every single one since before Flynn was born. I hope you come back.
2495,"Imagine thinking this was a good idea. Oh no baby, what is you doing.."
1929,Is this real? Is this really happening?
5810,It's so disappointing and so disheartening
4292,is she serious? oml
753,Guys she made a video taking accountability when this was brought up YEARS AGO.
7898,victimising yourself ğŸ˜¢
2407,A YouTube apology song with a ukulele was not on my 2023 bingo card.
3342,wow. somehow an even worse response than i imagined.
1260,I have the urge to throw fruit at her
2127,pack it up bro it's over...
9852,oh
503,"This is tragic on both sides. Fans who got hurt and a performer who was monetized on YouTube and sold tickets with all these stage performances recorded and never said anything about it until now and the very thing ppl were entertained by is now evidence against them.. what does that make ppl who paid to  watch it, volunteered to be on stage? The whole thing is twisted on every side and sad and even worse forever connected to her name for her kids to see later.  Humans are a complicated creature and fame is fickle..  u can be entertainment until later its decided its perverse... I hope everyone can find healing on both sides eventually"
2867,ğŸ¤¦ğŸ¼â€â™€ï¸
2204,"Colleen, I wish I could give you a great big hug!  People love to twist stuff so they can point and jeer and act like they've never done something that they've come to regret.  I NEVER post but I just felt like I had to say something.  You are a great entertainer, a wonderful mom and an all around great girl.  Don't let 'em get ya down!  Terri"
8556,I have never clicked on a notification so quick! Your true fans are still here and we love you! So happy to see you are ok. You got this girl! Don't let the haters get you down â¤
6427,There is absolutely no way you thought this would be a good idea? Seriously?
9381,"I hope youâ€™re well, please take careâœ¨â¤ï¸"
8164,I have support you for a long time
1736,Aâ€¦â€¦SONG????
7046,this is the worst possible way you couldâ€™ve responded to this situation what is wrong with you
9618,"girl youâ€™re jokingâ€¦where in this did you take accountability? all i hear is a shitty song defending yourself and not apologizing to anyone or owning up for what you did!!! and it wasnâ€™t about the fart joke, you know this. i thought you were smarter than this, but i guess not. my disappointment is immense. goodbye, colleen."
9230,Just wanted to tell you that I love you.
1697,colleenâ€¦ girl bfr
8204,Iâ€™m balling. I missed you Colleen. I am so sorry this is happening.
5516,This is awful..... the downward spiral continues.
3408,she really said â€œiâ€™m winning this idgaf warâ€
7475,"Y'all need to calm down and take a moment to think about your own lives. I'm sure every person watching this has done cringy things, and realized later, I know I have. That's life, if your not making mistakes how can you learn? Colleen is doing the best she can just like the majority of you all. Keep your head up Colleen and focus on your family and kids."
7094,"Colleen come back , this cancel culture is getting out of hands , They are accusing you of things that happened many years ago .they literally do not have a life or a job so they waste their time and energy in finding the mistakes of celebrities that happens centuries ago."
2922,what the hell
1451,No this is actually so bad why would she do this ğŸ˜­ğŸ˜­
1053,Is this a fucking joke
9802,Disappointed in you
2702,girl
2952,"What did she do, this just showed up to me"
3340,OH HELL NO
2457,â¤â¤â¤â¤â¤â¤â¤
295,"I like this song, I find myself singing it"
8903,So what's your justification for sending a MINOR Trisha Paytas' adult content? That's a crime. People supporting you are just as bad.
533,2023 isnâ€™t real
2891,Girl what
1316,oh jesus christ girl
2824,I canâ€™t believe this is real
3099,THE UKULELE NO WAY
1951,There's evidence just go ahead and take accountability
8587,âœ¨ï¸Jumpscareâœ¨ï¸
9092,"Even tho I do think ppl have been blowing your past mistakes out of proportion, Iâ€™m worried releasing a song about it will only makes things worse and lead to more ppl mocking youâ€¦idk tho itâ€™s sort of a lose lose situation so maybe it doesnâ€™t matter, but I would recommend releasing a more serious video addressing each point and clarifying what the lies are."
6558,"May God bless you and your beautiful family, sadly this is the price for fame, people will turn their back on you but God is always with you and willing to heal a broken heart, God is not religion, God is peace and love, God doesnâ€™t judge you God forgives us all we all should learn from him, just know that God is not far way he is in front of you and loves you more than you can even imagine!"
1286,This is not the time to joke.
2263,Don't listen to the internet troll. They are just being mean . Its aweful seeing people attacking you like that you deserve better.
9079,Cancel culture is out of control.
79,Love you Colleen â¤ï¸
3533,you handled this like a 2016 influencer. Completely out of touch and missing the point.
153,"i love u and i will always willâ¤ u shouldnt have to apologize again, your amazing im sorry ur going through this again bb, u dont deserve this"
2425,Steven Universe after he curb stomps a baby
1531,this is a really bizarre apologyâ€¦ everything is a disingenuous performance for her. ick.
8131,"Yâ€™all really think sheâ€™s into kidsâ€¦ like EVERYTHING aside, bffr â˜ ï¸"
8562,"I watched for 48 seconds and then realized you werenâ€™t going to be accountable for anything youâ€™ve said or done to these children. You should be ashamed of yourself not only as a creator, but as a mother. An emotionally intelligent person would know the severity of the claims, and would know better then to make a fucking song out of it."
58,Since Iâ€™m with God Iâ€™ma forgive uğŸ’•
9457,Oh no sheâ€™s breaking
1693,I CANT WITH THISâ€” ISNT SHE LIKE 30?
3034,What the hell LMFAOOAOAOAOAO
8706,"Iâ€™m here for you Colleen, Iâ€™ll always be on your side. I donâ€™t care what everyone else is saying, I love you and support you no matter what. I was full of so much excitement when I saw that you posted this video. You keep fighting for whatâ€™s right and the people that know the truth will always be here to support you! ğŸ’•"
1162,"This is actually hilarious, responding to screenshots of you being inappropriate with fans and multiple testimonies with a UKULELE SONG???"
3730,the shittiest apologize to ever exist. <br><br>Tanas was way better
4210,"Hi Colleen, I really hope you see this comment! I've been a supporter for so many years and will continue to support you Colleen :) It's just that maybe a song wasn't the best way to come out about this topic. But, I really want to continue to see your daily vlogs ğŸ˜Š. Don't forget how amazing they were!!!"
4281,Missed you love you!
9773,Omggg I missed youuu â¤ï¸
366,Missed you so much. I love you Colleen.ğŸ«¶ğŸ¼
9930,I will always believe you Colleen
8768,I love you for your authenticity donâ€™t let them win we love you mama â™¥ï¸â™¥ï¸â™¥ï¸â™¥ï¸
766,PUT THE FUCKING UKELELE DOWNNNNNNN
7241,M'am... you're almost 40..
9284,â¤
7410,"Keep strong my love, I never thought you where in the wrong what so ever â¤"
1615,no
1636,Girl you cannot be fr rn
1327,So bullying is fine when she does it? Making a horrible song â€˜addressingâ€™ (mocking) the situation. <br><br>I love how when she isnâ€™t crying til Kingdom come for sympathy she is making these horrible songs? <br><br>Accountability or got called out?
962,I love you colleen always will ğŸ«¶â¤ï¸
6604,"Iâ€™ve missed you so much! Whoever is talking bad about you are horrible people. I miss you and  canâ€™t wait until you are back posting again, but if you need space you should take it for sure. I hope you feel better soon and Iâ€™m so sorry people are so rude!"
2437,"What a slap in the face for the CHILDREN who felt victimized/uncomfortable/confused/manipulated. Is this what you feel theyâ€™re worth? A song? Thereâ€™s something so bizarre about this continuation of this narrative that you donâ€™t truly understand how your lack of boundaries can deeply affect the CHILDREN you targeted (because you DID target them, itâ€™s how you made a name for yourself). So off."
3504,We need an apology on his god awful song alone
267,"Colleen, I'm so sorry you're going through this. I know people are going to think you're mocking, but I see the pain in your face and your voice. You know you can't convince anybody so you do what you do best during a hard time. I'm still standing by you as a 33 year old mama who has always loved COLLEEN! I was never here for miranda, always you!"
8266,You are a beautiful human! And Iâ€™m so sorry accusations have been thrown around. Hug those babies and Erik during this time even more. Iâ€™m a fan and will remain a fan â¤
7444,Iâ€™m sure the real victims ( not u lol) are not having fun
4930,Honestly I appreciate you taking a lesson from Trishaâ€™s book and kill â€˜em with IDGAF ğŸ¤ª  but she does care and itâ€™s unfair whatâ€™s happening! Keep being beautiful Coleen this Iâ€™ll all blow over â¤
6157,"There are screenshots and receipts, unaltered by AI or Photoshop. You are vermin"
1846,DID SHAWTY REALLY SING
4714,what the hell
3438,"The ultimate move, out-troll the trolls! She pulled the rug out from under all of them ğŸ˜‚ all hail Queen Colleen ğŸ‘‘"
4137,This is unhingedâ€¦
8178,I know how it feels to have a huge rumor about you going around and everyone is believing the lies being told about you so im sorry that this happened to you  because you made really bad decisions like EVERY SINGLE PERSON DOES.They add lies to the truth but trust they will get there karma.AMENâ¤ï¸
2066,Literally no accountability taken ğŸ˜‚
4105,she thinks she sienna mae. ğŸ’€
1815,How DISRESPECTFUL TO your VICTIMS
7146,"We know the real you Colleen, you know the real you. Love you Colleen â¤"
3030,"Iâ€™ve been a loyal fan for years but Iâ€™m sorry, this was wild! Comes across very out of touch with the reality and seriousness of the situation. Really disappointed."
5865,"oh it definitely wasn't just a ""fart joke"" babe"
9067,We love u.
6470,girl what. are you actually kidding me right now
7808,No
8522,this is why i love her. this is great!
7872,What the actual fuck is going on this is the weirdest fucking way to respond to what is happening.
7399,I fucking love this.
3104,This gave me chills ğŸ˜ Iâ€™m so sad
7155,Great job ignoring all the hard proof against you. Pathetic but Iâ€™m not surprised. You need to leave the internet
6408,omg.
3522,literally why would you do this iâ€™m-
7282,Girl not the ukulele... They're gonna eat you alive. You should have listened to your team.
6830,there is no way this is fucking real. so disrespectful
2951,when i tell you i saw this on tiktok n i still didnâ€™t believe you posted this. holy shit when i tell you my mouth DROPPED
6530,â¤â¤
2045,We love you so much Colleen!!!! Hope youâ€™re doing okayâ¤
2128,is this even real
3564,Omg how is this real??
7546,She totally gaslights
3675,Also â€œmonetise their liesâ€ as though youâ€™re not a family blogger monetising your children
5991,This just made it worse
3218,girl â€¦â€¦. Ew. Just ew.
1145,This is such a fucking unhinged way to â€œapologizeâ€
1257,girl bffr
9336,I believe in you. I will always watch your videos.
3063,Apology video? Na Apology song (but this actually isn't either it's just a song about how hateful everyone has been to her)
9268,â¤â¤â¤â¤
724,"I support you Colleen, people do make mistakes"
8196,"I never comment but I feel like itâ€™s important for you, Colleen, to know that thereâ€™s still people out there that can observe a situation from a neutral point of view, like I did and will not throw themselves at any occasion of insulting someone. You are so brave for posting this video. Love you"
1164,Ainâ€™t no way this shit is real ğŸ˜­ğŸ˜­ğŸ˜­ğŸ’€ğŸ’€ğŸ’€
9821,We love you queen
9184,â¤
8094,i really hope that you get what you actually deserve because its much worse than this :)
2230,BRO PULLED OUT THE UKULELE
1113,Are you deadass?
8530,A pity party for yourself rn? Really?
2586,LOOOOOL WHAT IS THIS ğŸ˜­ğŸ˜­
539,"I reckon just go back to posting vlogs, those that will be there will be there."
4424,How could she frr think this would help her..?? ğŸ’€ğŸ’€ğŸ’€ğŸ’€
9585,oh
4138,he didnâ€™t sayyyyy i couldnâ€™t siiiiinggggg ğŸ˜
5801,yikes
3596,Oh this is grim like ..why did you respond with a song
4706,ğŸ’œ
9895,Miss you â¤
8295,I really donâ€™t understand. What she did wrong? ğŸ¤”
3945,Just call the people and apologize. This is weird.
8924,Colleen! Im happy youâ€™re back! I want you to come back and daily vlog! We need you! ğŸ’—
110,Haters back off ğŸ‘„
495,Imagine if all the energy and resources being used to cancel celebrities was used to make actual political changeâ€¦ ğŸ¤·ğŸ»
5808,Oh wow youâ€™re rotten
3879,Girl are u fucking serious right now
5683,the tampon thing was weird tho
6905,"This is disgusting- the only facts are the people you hurt. Excusing how you made others feel with your narcissistic song just showed your true colors. Youâ€™re entitled to feel however like the narcissist you are but you are not taking accountability and more importantly you are making all of this about YOURSELF. I have followed you for years, im so disappointed"
6438,They kindly let you know 3 years ago girly
351,"this is definitely an odd way of apologizing, but it seems genuine and i feel bad for her"
7170,girl be so fr....
4903,girlie you did not
5535,HELPPPP
3780,"Iâ€™m not usually someone that comments on anyoneâ€™s videos but I have been watching your videos for years and I will never doubt you! Yes we all make mistakes, but we are all human!  All of these people in the comments need to grow up and focus on their own lives instead of being a keyboard warrior and destroying someoneâ€™s life for a mistake that happened in the past! Weâ€™re supposed to grow from our mistakes, they make us better people for it, weâ€™re not supposed to be completely ripped apart! I donâ€™t doubt that every single person that has commented negatively on this video has made a mistake, what makes them different from Colleen? Just because they donâ€™t have a public platform to be dragged down like everyone is doing to Colleen?? You all need to grow up and focus on yourselves!"
4865,HAHAHAHAHAHAHAHAHAHAHA
6066,"You harmed kids, cut the crap and take responsibility"
2162,AINT NO WAY THIS IS REAL
1417,This is psychotic ğŸ˜­ğŸ’€ I cannot believe this is for real
1713,iâ€™m so disgusted omg
1368,This is horrendous.
4271,LMAOOOOOOOOOOOOOOO.....
5542,"I'm honestly flabbergasted she left the comments turned on. Was she confident people would accept this ""apology""? This was so disrespectful to the victims."
4353,girl what
9282,"Iâ€™m so glad your back, Iâ€™ve missed you so much. The internet these days can be harsh. Even though you did some wrong things you didnâ€™t deserved to be called such hateful things. I and many other here still love and support you. You made mistakes and apologized for them. Hope you and the kiddos are doing ok."
7716,This is amazing. Hi :). I miss u so much hope to see you back to normal soon!!
6076,QUEEN OF NOT GIVING A FCK
1776,This ainâ€™t it girlâ€¦
1944,love you!!! Keep on keepin' on.
1592,i must be getting pranked rn
4291,You simply cannot make this shit up. Letâ€™s not forget you made children put their hands down your PANTS in front of a live audience ğŸ˜©
6121,"YESSS COLLEEEENNN! Missed you. This was buried years ago. People get bored and want to ruin the lives of others to hide whatâ€™s wrong with theirs. Thank you for all you do for childhood cancer, helping people through tough times by making us laugh, and everything you do behind the scenes. We miss you, your kids, ur husband, moose and Kory. Love u Colleen canâ€™t wait to see whatâ€™s next for you â¤"
3481,Iâ€™m sorry what- how is this real?!?!?
543,"I LOVE IT!!!  She sang a giant goodbye ""eff you"" to people who are going after her!!!!  ğŸ˜†"
1571,"<a href=""https://www.youtube.com/watch?v=ceKMnyMYIMo&t=1m23s"">1:23</a> i know her pr team is fuming right now"
409,what she did was not ok but maybe the only way she can apologize is through music. so instead of being mad at the apologized through a ukulele be grateful that she apologize at all
542,<3
4804,A song? â€¦.
3990,did anyone else actually find the song very catchy and want more
1468,You thought u ate
8565,I am glad you found a loophole to taâ€¦sing to us. Nice to see your dance and I hope this is a welcome back. I am only partway through the video.
8216,Is this a fucking joke to you?!????
5061,Sicko.
6704,"Colleen, I have been watching you for years and I know you are a good person. I've never lost faith in you or your work and I hope these haters do not burn it all down. Stay strong friend, I believe in you!"
7758,This is so disgusting and tone deaf
3488,im sorry she ate yâ€™all up
6716,be so forreal right now. be sooooo forreal. this is not a genuine response. all the people wanted was a real response not this corny tongue and cheek response. youâ€™re in your late 30s.
67,ğŸ¥´
3556,Omg no girl just delete this before it gets WORSE
8910,wouldnâ€™t have done this in song format if it were me ms. girlâ€¦
2233,What the actual fuck
2240,IM LAUGHING SO HARD LMFAOOOOOOOOOOOOO SHE MADE A SONG I CANNNNNOOOOTTTTTT
2217,this video is my 13th reason
6127,She canâ€™t be serious with A SONG????
9366,"I have been sooo worried about you, Colleen, I, myself, cannot jump on the toxic train of â€œcancellationâ€. That being said, I have missed you!!!! And your beautiful babies to learn from and help me teach my son things that I wouldnâ€™t have even thought about! You are a smile throughout my day that I have missed tremendously!!! â¤â¤â¤â¤â¤â¤"
5001,Big yikes
9416,WE BELIEVE YOU!! WE MISS YOU! I LOVE YOU!
1762,Such a Colleen thing to do ğŸ˜…
9949,I love you Colleen! â¤â¤â¤â¤
7236,YESS COLLEEN I LOVE YOU!!!! HATERS BACK OFF
9065,"I am so happy to see your face. I was so worried about you. Your real fans always supported you through this. I hope despite this, you will continue to do what you love regardless of what trolls on the internet have to say. We love you Colleen! â¤â¤â¤"
1472,DELETE THIS WHILE YOU CANNNNN LIKE WHATTTT
4090,This is the most Rachel Berry ass thing Iâ€™ve ever seen (derogatory)
6146,Thereâ€™s no way Iâ€™m going to judge a person by their pass. It matters whatâ€™s in your heart right now and right now youâ€™re a beautiful person. People are just jealous of your success and how great of a person you are. iâ€™ve watched you for a really long time and all your videos bring me joy. From your Miranda days to your Collabs to your pregnancy video and your daily blogs. Thank you for all you do for who you are for what you stand for right now.
4842,Calling Ethan Klein plssss come back
7909,"Girl, this is not it"
3453,You shouldâ€™ve just not posted anything. There are a lot of things coming out so where is the accountability here?
2924,you cannot be serious HAHAHAHAHAHA
7624,"Very well spokenâ€¦or should I say sang. So glad to see you, even with so much hurt on your face. There are so many who still support you & hope the best for you and your family! I hope you can find peace & forgive yourself. Those who know you know that nobody is beating you up worse than youâ€¦please be gentle and kind to yourself. When you are ready to come back, we will all be here for you! ğŸ©µ"
7285,ğŸ”¥ğŸ”¥ğŸ”¥ğŸ”¥
9557,so happy to see other positive comments â¤â¤â¤â¤ thanks to those
2,You really can sing!!!
5371,LMFAOOOOOO
7020,"Iâ€™m so sorry about all of this colleen! When I started hearing about any of this I immediately hated all of it. Why just people bring up the past but spin stuff around it to make you look like a bad person. Youâ€™re not a bad person, and the fact that people find entertainment in your pain not even thinking about how youâ€™d feel. Disgusting. I hope youâ€™re doing alright, Iâ€™ve missed you and your fun family. But taking the time to make sure youâ€™re mentally ok is whatâ€™s important. I hope youâ€™re all ok and I canâ€™t wait to see you again once youâ€™re feeling up for it ğŸ’œğŸ’œğŸ’œğŸ’œ"
8032,Ppl have nothing better to do like get over it Colleen is a kind person she didn't mean any harm with what she did
7845,You are an amazing person! Great inspiration for so many reasons! Miss your vlogs! Hope you are better! Love you and support you â¤
9629,this is hilarious
6610,how is it even possible to make something this grating
6845,"As someone who has been a fan for years and is only now growing to realize the wrongs youâ€™ve done, all I would want is you to stop inviting children up on stage. Youâ€™ve already stopped messaging people and thatâ€™s a start, but I think the biggest issue right now is your stage interaction with young people. I love you."
6339,"This isn't it<br><br>""Ooops I groomed some kids but look I'm so cutsie!!"""
3374,this is so unserious
4397,ğŸ… ğŸ…ğŸ…ğŸ…ğŸ…ğŸ…
6891,Be so forreal girl
9410,Iâ€™ve thought about you dailyâ¤â¤
7777,i really miss you everyday mama â¤ï¸
3735,is this your campaign to finally get that teen choice award for best comedian?! w/ this you could actually win bc this is top tier comedic at this point!ğŸ¤©ğŸ¤£
5926,it's over for you<br><br>ps you have aged horribly
7001,Girl thinks sheâ€™s the Dixie Chicks or something
5508,It's hard to argue with the screen shots. Those seem to be facts. I don't see how your song addresses the facts.
5713,good god
1052,aint no way
4315,GIRL WHAT THE FUCK IS WRONG W U
6565,did u take accountability?
4872,The nerve....  Girl bye
6864,"Ma'am... lmao wtf is this. If this is all ""lies and rumours"", then where is your evidence to disprove the screenshots, etc?"
314,ok why this lowkey ateâ€¦
9964,First
8982,I hope youâ€™re okay â¤ï¸ Donâ€™t let the negativity and toxic people get to you! Take the time you need and focus on your family and mental health ğŸ«¶ğŸ¼ğŸ«¶ğŸ¼ğŸ«¶ğŸ¼ğŸ«¶ğŸ¼ LOVE YOU!
8607,I love you Colleen!!! Iâ€™m always here for you.
1616,"I was untangling my headphones to plug them in and watch this and then I saw the ukulele and was likeâ€¦.mm, maybe not?"
1582,Wow. The weird ukulele playing just shows how much of this is a facade. Not taking anything seriously... Shame.
8975,Colleen We love you!! â¤ Screw the haters!
6346,"Yo Colleen just give it up, you're  CANCELED!!!"
9942,"I've never clicked this fast in my life love you colleen â¤ Mistakes help you grow and have made you who you are standing here today - a sweet, kind and beautiful human being ğŸ’Ÿ don't let anyone tell you otherwise"
10024,Omg
7642,who told you this was a good idea????
8237,What the fuck..
7814,So happy to see you again Colleen!!!! ğŸ’›
1730,wow this is an all new level and basically takes away any actual apology you previously issued after all the stuff that is coming out I can not offing believe this. I have been a regular commenter I have even gotten comments back from you Colleen I have loved your videos. this one though......I'm honestly ashamed and I am now unsubbing
4166,shouldâ€™ve stayed in the drafts
5161,Wow this is super mature. ğŸ™„ And it wasnâ€™t just one mistake. It was multiple mistakes over a very long time. Maybe itâ€™s time to move on to a new careerâ€¦.
7664,This idiot thinks sheâ€™s in a musical ğŸ¤£ take accountability weirdo . Thereâ€™s receipts of your actions. A simple â€œim sorryâ€ was all you have to do
8638,"I hope your doing well Colleen, I do believe itâ€™s a big miscommunication but I really hope your alright. â¤"
4588,Ive said from the start from the first time anyone said anything.... y'all just clout chasing
3779,This is a joke right? Girl just apologize to the people you hurtğŸ¤¯
4067,"Colleen, I know you are a great person and that you didnâ€™t mean anything bad. You only wanted to be nice to your followers. But, it looks to me, they are now using some things against you because they want some attention on them. It is nice to see you. I know you are not the way they want to present you. ğŸ’œğŸ’œğŸ’œ"
6522,she knows what she did was wrong she literally doesnâ€™t care
115,â¤
8263,Omg I love you so much queen. YOU DESERVE BETTER QUEEN.
525,This is brilliant!
2732,LMFAOOOO
279,i canâ€™t believe anyone would think those kind of things abt colleen. please donâ€™t stop doing what are youâ€™re doing colleen. you still have people out there that love you and love seeing your content! â¤
9172,We arenâ€™t all perfect weâ€™re also not in group chats with minors sending inappropriate messages so thereâ€™s that ğŸ« 
224,F*@! them little trolls!  You rock!! â¤
5916,"ğŸ˜ Colleen Iâ€™m so sorry that you are going through this. Youâ€™ve already been through enough. This isnâ€™t right or fair for you or your babies. Please just bare down with your family, friends and loved ones and weather this storm until it passes. Because it will pass â¤."
6685,love you friend. stay stong. cancel culture is harsh. ğŸ–¤
3400,"Iâ€™ve been watching your daily vlogs since before the twins were born, not for a second would I think youâ€™d do something like that and have bad intentions. We do all make mistakes and Iâ€™ll definitely keep watching when you are ready to come back â¤"
4639,what happened to shame
151,"This is like the weirdest thing to care about, you guys. I believe her, but still, I DONâ€™T CARE! So over people thinking theyâ€™re social justice warriors on the phone. If she did something that warrants jail time, then that would be brought out in a trial. You think the Hollywood elites are trying to protect f**king Colleen Ballinger?! (Sorry Coll, love you)â€¦but like for REAL?! Leave her alone. This is so inconsequential."
2563,"You couldâ€™ve said, or done, literally anything and people wouldâ€™ve immediately jumped down your throat. Like you said, itâ€™s not going to change anyoneâ€™s mind. At least those of us who still havenâ€™t jumped on the cancel bandwagon were able to hear your viewpoint."
6525,So... taking advantage of fans so you can get free and cheap labor is not manipulation?
5843,did u rlly have to do a corny ass song though like be fr
7299,ummm i dont think ANYONE is having fun and THIS is NOT the way you should have addressed things...ugh this all sucks girlğŸ˜¢ğŸ˜¢ğŸ˜¢ğŸ˜¢
6672,Worst response to this ever LMAO. Grow up
3328,girl.... ğŸ˜­ğŸ˜­ğŸ˜­
8642,Iâ€™m so happy youâ€™re back. I missed you so much and it was so hard seeing all those people believe those stories that were clearly just for fame. You are a light in this world and you have made me so happy
4463,I donâ€™t think anyone on this train was having any fun letâ€™s be honest
7192,Iâ€™m so glad to see you! I could feel this to my core. Iâ€™ve missed you. And Iâ€™ve always always respected how you continue to learn and grow. The true followers know you arenâ€™t perfect and love you because of that. Because you are human and we can see the intent and the good kind person in you. You are so freaking strong. I canâ€™t imagine the pain youâ€™re going through. Sending love to you and your family. Xoxo
2612,Cancel this loser forever plzz
171,I hate cancel culture so muchğŸ˜© sheâ€™s corny but sheâ€™s not a bad personâ€¦ i donâ€™t understand why people today feel so entitled and feel like the world owes them something. Every vid that came out about her was such a fucking reach.
6763,This is so similar to sienna mae lmfao. Do something terrible and come back with a song/dance ğŸ˜‘
6927,I love you Colleen Miranda Sings â¤
7125,Colleen I was such a die hard fan but after these serious issues have been raised and you pull out a ukuleleâ€¦ oh girl ğŸ™
8467,i dont usually write comments but i felt like i should add to the positivity in here. i still support you as do many others. stay strong and never stop fighting for whats right no matter how dark things will get and how often thngs might feel like they go down. once youre rock bottom the only place left to go is up.
6372,"Couldnâ€™t watch everything, skipped a few seconds. I guess she sings through the whole thing."
5289,Perfect response. Stop mob mentality. Stop conflating facts for opinions.
4275,the fuk
3484,"we all make mistakes, yours are just very public. i still love you and will be here when you decide to come back. sending so much love to you â¤ï¸"
315,this made me giggle
1057,??????
6422,Girl put the ukulele down omfg ğŸ˜­
6691,Oh girlâ€¦â€¦. This is not itâ€¦
9369,I never believed the rumours for a second!! And I still donâ€™t believe ! I believe in Colleen
517,Omg Colleen I freaking love u so damn much. Know that I stick up for u everywhere and Iâ€™m sure im not the only one. Iâ€™m so glad u r back. I am so so damn sorry u r going through this. U r the best person ever imo. Ppl ruin every and anything goodâ€¦ omg Iâ€™m so damn sorry Colleen. I canâ€™t imagine what this feels like
8949,"You are a human being, of course mistakes are made.But that does not mean your entire life should be thrown under the bus. You will come back stronger, give yourself time."
5928,"Colleen, thereâ€™s a difference between â€œintentionâ€ and â€œoutcomeâ€/â€œimpactâ€â€¦.. you seem confused"
5254,"Girl, it wasnâ€™t only one mistake it was many many many many many many many mistakes, almost like they werenâ€™t mistakes and just your normal behaviour :/"
2199,what the hellll ğŸ˜­ğŸ˜­
3578,This is not the time for an Ukulele Colleen. This is so bad but so funnily cringy at the same time.
467,You guys need to STOP hating on Colleen yeah she may have done that but NOBODY knows the truth except her and the victim you guys donâ€™t know and and stop it
3006,RIP
1623,This is not okay.
912,Horrified looks from everyone in the roomâ€¦ ğŸ˜³
210,Y is this kinda good
2565,WHAT IN THE FUCK DID I JUST WATCH
4022,LMFAO THIS IS NOT REAL
30,Ok but at least she said sorry
3739,And after 10 plus years after seeing new specialists that knew about the neurological conditions of the brain told me and my dad that my case was a full-blown case of Tourettes. It wasn't anxiety it wasn't tics it was a full-blown out of control case of Tourettes Yes I do have anxiety but it's so separate from my anxiety!
5194,Thanks for making this so much worse for yourself
1896,ğŸ…ğŸ…ğŸ…ğŸ…ğŸ…ğŸ…ğŸ…ğŸ…ğŸ…
2078,girlie is going to jail
562,"At the very beginning of collen's yt career, she has been sharing with us how introvert, shy,loner  little girl or even up to now she is. This yt thing and popularity is not even her intention why she is making yt videos up until now. So if we come and think of it, she is not used to having a lot of attention from anyone. We should all be understanding and give everyone a chance to grow from their mistakes. Our generation is far different from their's, it is nice to see that young people are making a change, but we should not shame anyone for making something wrong especially if it's the past and that person is trying to have a life and change for the better."
1377,BYEEEE LMAOOO
2107,girl what
9732,Iâ€™ve been so worried about you and hoped youâ€™d be back soon!
810,This is in bad taste
482,â¤
9560,I personally could never and will never believe all the crappy things people are saying about you. You are one of if not the most genuine person I watch on the internet and I will defend you when it comes down to it. I love you! Try to keep your head up ğŸ’•
4622,"We love you and I never gave those haters my time, attention, or views. We know you, we support you. be strong and keep being yourself!"
3462,girl ğŸ˜­ canâ€™t believe I used to idolize u when I was 9
3124,We've missed you
7540,What is wrong with you? Honestly how do you think this is appropriate?
9149,I cant imagine what shes going through rn esp as a mom and her reputation is forever ruined but its a little weird to make this as a song
3350,girl.....
5071,Cue the I was dissociating excuse.
6106,so..... this fucking sucks
7390,iâ€™m crying what the fuck is wrong with u LMFAOFNDUDKS
3406,"I think this was great! I feel for you and it sucks that mistakes that you have made in the past are being used against you nowâ€¦like you said, we all make mistakes, it doesnâ€™t make us bad people, it only makes us human. Iâ€™m praying for healing and strength for you and your family. This all has to be so overwhelming. Continue being you, and take care of yourself and your beautiful family, it will all be okay!"
5770,â¤
4965,I'm so glad to see you in my feed! I missed you â¤ no matter what people say
1863,Wow you can tell sheâ€™s bulimic. So skinny with swollen facial glandsâ€¦.yikes
7293,Howâ€™s was your Motherâ€™s Dayâ€™s this year?
7351,Is this real!? ğŸ˜‚ğŸ™ˆ
567,"Colleen, I'll always support you i'm not disappointed in you or mad at you i love youğŸ¥°"
9931,oh
1577,this is wild ğŸ˜­ğŸ˜­ğŸ˜­ğŸ˜­
9324,I love you so much Colleen you are one of the kindest sweetest people ever â€¦ donâ€™t let the haters get you down â¤â¤â¤
3550,girl- you should've listened to your team
6886,Love this honestly ğŸ‘ğŸ» People who are sitting here crying about it need to get a life ğŸ˜‚ğŸ˜‚ğŸ˜‚  We love you Colleen!
1587,no way u trying to sing ur way out of this ğŸ˜­
1613,"Well, what exactly were the â€œmistakesâ€? I know what they were, but Iâ€™m not sure you doâ€¦.."
9454,Some people are desperate for clout. Wanting to cancel someone. We love you Colleen â¤ï¸
65,Like get it queen!
4255,ok
7641,"Ok so i have no idea what's going on but Is this a first? Like a singing ""apologie"", i'm just flabbergasted."
6678,"<a href=""https://www.youtube.com/watch?v=ceKMnyMYIMo&t=6m18s"">6:18</a> youâ€™re right, we do believe youâ€™re the type of person who manipulates children<br><b>because you DID</b>"
4542,YIKES.
5778,You got to be fucking kidding me
1914,I love you Colleen â¤ haters back off never meant so much as it does now ğŸ¥°
9640,Stay strong Colleen â¤
262,I have always seen some hate comments and felt very sorry for the creator who is receiving the message but this is infuriating me. i have watched you since i was very very young and i know you think a lot about what you put on the internet and you are always very careful. i do not believe these rumors are true and i love you! stay strongâ¤ï¸
563,I think this is an unexpected way to respond to all these recent news but I do know she is not only not these horrible things but I know she will learn and grow and I think itâ€™s important to see that people change in the span of 5 years and even 1 year.
2099,You smell
387,ğŸ˜ğŸ˜ğŸ˜ğŸ˜ğŸ˜ğŸ˜
7573,"Impact is greater than intention. You may not have bad intentions, but the impact you made has been greatly negative. This isnâ€™t taking accountability, you took a serious situation you are involved in and made a song about you being a victim. You state that thereâ€™s â€œfactsâ€ but do not state any of them. If your past actions were a mistake, you apologize. You havenâ€™t donâ€™t this in this â€œquirky little songâ€. <br><br>Youâ€™re right, people on the internet are cruel and take things way too far. But Iâ€™m extremely disappointed in you."
1261,"I support you Colleen. Whatever this BS is, I support you, miss you, and believe youâ€™re a good person."
1388,speechless
2241,Iâ€™m so embarrassed I watched you for so long.
7905,A lot of us will always watch and support.
4355,Girl are you fuckin serious?
3733,PUKE
8374,So happy to see your faceâ¤â¤â¤
9690,"Colleen I love you so much, I hope youâ€™re doing wellâ¤ï¸â¤ï¸"
5955,"Holy crap, you did not make a song for this..."
5662,"""but not in a creepy way"" YOURE JOKING RIGHT ?"
1912,Bestie. We. Saw. The. Screen. Shots. Wtf do you mean NOT TRUE?! And the FACT this is on YOUR SECOND channel? Lol you have no accountability whatsoever
6247,Canâ€™t wait to see how this shit show goes
4562,Did you really think this was the right answer?
8648,Love you Colleen â¤
8755,KM SO GLAD YOUR BACK OMG I WAS SO WORRIEDZ
3259,Is this real
1688,I just wanna say to people like me that are reading comments trying to make up their minds about who is right and who is wrong that probably there is truth in all sides of the story and it's okay to reflect on those sides and take our own lessons but please just be kind â¤
2599,Read the room ğŸ˜­
4102,Someone please tell me this is an SNL skit
3029,I want to know how many takes of this she took to get it right ğŸ˜…
8709,WE LOVE YOU COLLEEN â¤â¤â¤â¤
6017,"No way you posted this and were like ""yeah they'll love this! This is a great response!"" What was going on in your mind that made you think posting this was a good idea in the SLIGHTEST jesus christ you had to be sipping on lean or some shit"
8476,Hey Colleen I hope you ok your amazing I hope those things are not true and if they are I hope u have learnt
6923,I'm so sorry you're going through this
5373,I love you Colleen. Thank you for being you. <br><br>Meeting you Saturday was magical. My daughter is still in awe. Best 5th birthday gift ever ğŸ¥°âœ¨
5398,Love you unconditionally my queen
1127,yep shes dead inside
661,this is so smart
7857,I love you Colleen! Welcome back ğŸ’•
7143,Uh-
4007,Is this real?!? Wow Colleen. You donâ€™t deserve your platform. This was literally so bad. <br>But you already said you donâ€™t care about the comments so I do hope you lose your platform
7209,"You're a joke, this is unbelievable"
8996,Iâ€™m very happy to see you backğŸ’œI love you
2017,Talking about people monetizing off your downfall yet you still had to meet that 10 minute mark huh ğŸ’€
9986,Omg hi I have missed you
2775,This feels so condescending. As if sheâ€™s singing to us like children. Itâ€™s very demeaning to be honest. Not a good look at all.
4609,I was a fan of you for over 10 years! It's incredibly disappointing to see that you're actually a terrible person
6420,no shot
41,Bruh
2087,Lmaoooo girl u good .. for a person who got kids u really something else to treat children the way u do qnd then got the nerve to sing abt . Good luck to you and hope ur kids never have to go through what u put does kids through
2196,stop pls
7538,this was basically just making fun of the victims for 10 minutes. you're so pathetic.
8398,â¤â¤â¤â¤â¤â¤â¤â¤â¤â¤â¤â¤â¤â¤â¤â¤â¤â¤â¤â¤â¤â¤
3061,That whole video and you didnâ€™t take accountability for one single thing ğŸ¤” oof
282,Hey Colleen. This is just a moment and it may feel like torture that it will never go away. Focus on your family and yourself. This too shall past.
9678,Colleen i love you and always will!! Now and forever one of your biggest fans â¤â¤ take care hun I wish there was a way I could talk to you!!! Hope you see my comment  ğŸ¤ been watching since 2012.
4280,"We love you Colleen!!! Youâ€™re great, and some may not agree but just know you still have a team!! ğŸ©· love ya girl, keep your head up!"
226,"Few days ago I had no idea who you are but wow, iconic"
7562,literally what the hell is this dude?....
3052,Bye.
942,ğŸ™ƒğŸ™ƒğŸ™ƒğŸ™ƒ
9071,We all love you Colleen and I know millions of people can agree with that. We all make mistakes. I personally never judge people from their past and many people don't as well. I also know that the bad comments outweigh the good ones even though there are more than triple the amount of good than bad. We are here to support you and appreciate everything you do. â™¥ï¸â™¥ï¸â™¥ï¸
2205,THE UKULELE IM CRYINNNNNNNN
6452,you really think you ateâ€¦.
6303,A FUCKING UKULELE ğŸ’€ğŸ’€ğŸ’€
1303,girllll this corny shittt LMFOAOA
8862,Sending love and strength to you and your family! I was at the Chicago show and the real ones are still here to support. â¤â¤ Take time to heal and spend every second with those beautiful little ones.
392,I think this is Brilliant to be honest ğŸ˜‚ğŸ˜‚ğŸ˜‚ğŸ˜‚ go Colleen and please look after yourself â¤â¤
3908,"same people you supported and tried to please are now turning on you and trying to cancel you. itâ€™s sad and ridiculous.  keep pushing on, everyone make mistakes and people just want to blow it out of proportion. still have my support see you in september! fuck the crying people in the comments"
8490,I'm sorry? You wanted to be besties with kids? It's inappropriate. Take some accountability
5775,You are unhinged. Stop this.
1389,â˜ ï¸
4896,You have to be joking
1126,I refuse to believe you sat here and sang for 10 whole minutes ans tried to guilt trip us ğŸ’€
57,"Didn't she play a ukulele in some other videos? I have watched on and off for years and I remember her doing that at some point, maybe about haters or pregnancy or something like that.. i can't remember."
6355,how did you think this was smart
5286,ugh. i miss your videos and canâ€™t wait for this to all be over.
7272,This is too funny
3467,This is such Scorpio behaviour lol love it
1441,Cancel culture is ridiculous lmao
4061,this is terrible
5762,* Writes a song about taking responsibility for their actions*<br><br>angry mob mentality * not enough responsibility!*
168,"People suck, its ok. Keep your head up"
4800,girl what
9818,opening this video with a song is 100% a colleen move
9409,OMFG!!
10008,Love you Colleen â¤
8738,Girl you couldâ€™ve just said you were wrong and apologized. But I guess acting like youâ€™re the victim is easier?
1938,Is the accountability here in the room with us right now?
7331,never seen an apology like thisâ€¦
2028,Put the ukelele DOWNN
349,â¤â¤â¤
544,ğŸ’•ğŸ’•ğŸ’•ğŸ’•ğŸ’•
5915,Don't mind the haters girl! Thanks for the explanation and good vibesğŸ˜Š
6454,"We all make mistakes, and bringing up the past when youâ€™ve already taken accountability is confusing- Iâ€™ve seen countless videos monitizing from your â€œcancellingâ€. Thatâ€™s what itâ€™s all about for them! Nothing better to do, gen Z+ bothers meâ€¦ if I were you I would silence the haters by continuing your career, vlogs, shows! You did coin â€œHaterz back Offâ€ â¤ theyâ€™ll move on to the next person soon enough as they always do"
4038,"For anyone thinking that this an apology from her or a ""pathetic excuse of an apology"" it isn't, because she hasn't done anything wrong lol, doesn't feel she needs to so she won't. As she shouldn't. Get off the hype train kids, get a life and leave her alone!"
4009,you absolutely showed no remorse for the victims and youâ€™re fans. shame on you.
9573,WOW SO EARLY
2772,Iâ€™m dead not a song ğŸ˜‚
1058,"Bye, Colleen this isnâ€™t how apologies work."
1962,bro WHAT.
7250,Jesus effing Christ dude. Read the room. The children you hurt deserve more than a corny ass song.
1913,This is bad. Like really bad
894,What ğŸ˜­ğŸ˜­ğŸ˜­ğŸ˜­ğŸ˜­ğŸ˜­ğŸ˜­ğŸ˜­ğŸ˜­ğŸ˜­ğŸ˜­ğŸ˜­ğŸ˜­ğŸ˜­ğŸ˜­ğŸ˜­ğŸ˜­ğŸ˜­ğŸ˜­ğŸ˜­ğŸ˜­ğŸ˜­ğŸ˜­ğŸ˜­
6414,Shouldâ€™ve just left it alone girl
3580,Girl imma need you to be so f*cking fr
4524,How can you so self aware and also so delusional at the same timeâ€¦ she legit is aware of the comments for thisâ€¦ biggest fucking yikes
265,This song is a banger
1493,This is why I still love & support colleen! â¤ colleen I wish you peace&  comfort during this time of people doing what people seem to do these days& know there's still a lot of us who love you & want the best for you
7383,girl fr
3696,Sending you and your family loveâ€¦ let her be human people! You arenâ€™t perfect either! No matter what she does or doesnâ€™t do says or doesnâ€™t say will never be enough.
6818,Truly this could not be in poorer taste LMAO
4015,Yâ€™all are saying this is a bad â€œapologyâ€ video but she literally never stated this was an apology lol
6287,your not serious??? like this is a joke ğŸ˜­
9107,"I just thought with a husband, 3 kids , a new house , and Miranda Tour youâ€™ve been pretty busy. Pray things get better. Miss your videoâ€™s."
4047,"People that actually loves you will move on from your mistake. The ones that donâ€™t just donâ€™t realize how they hurt Colleen more than how much you hurt them. Love you ğŸ¥° Colleen, please come back."
4960,youâ€™re a strange strange woman
2492,"The perfect title would've been ""Ear bleeding song of me pretending to take accountability for views"""
1318,You arenâ€™t intimidating anyone by having your eyebrows up the whole song.
4403,what?
2507,aint no fucking way this is real
7785,GIRL??? Rumors ??? THERE ARE SCREENSHOTS.
8181,girl you are SOOOO unserious LMAO
5999,Please come back. You are such an anxiety outlet for me everyday. Miss you and Eric and the kids
9316,"I can already see people hating on her for singing about this.<br><br>Edit: Iâ€™m glad sheâ€™s speaking about this in the way she knows best, through music. Itâ€™s best to hear her out and have her take responsibility for her actions."
3565,well done colleen!!!! this video is going down in youtube history as the cringiest thing ever posted :)
6259,"Does she really have to sing to ""apologize""? I mean, even if she didn't, this apology video still sucks."
4073,what the fuckğŸ˜­ğŸ˜­ğŸ˜­ğŸ˜­ğŸ˜­ğŸ˜­ğŸ˜­ğŸ˜­ğŸ˜­
3796,why
6059,Hope you and your kids are okay. some of these people online are clearly making this their whole personality on Twitter for likes. They tweet about it 100 times a day for a month straight like that Johnny guy. Whatever gets them likes.
3639,Holy shit no way this is real ğŸ˜…
1378,The video is more weird with the song â€¦
3267,What the actual duck
5872,When you have to say they â€œarenâ€™t quite trueâ€ that means most of it IS and you are in the wrong.
7693,"You barely addressed anything let alone the screen shots which I think the majority of people wanted you to do, this is so bad that I don't even think you could count it as an ""apology"" please seek professional help"
7865,What the fuck
792,and the song isnâ€™t even good .. girl
7615,"Please be so for real ğŸ˜­this isnâ€™t it, this isnâ€™t how you take accountability, your pr team prob had a very very good reason for you not saying much abt it ğŸ˜­"
9731,"You hang in there colleen! You are brave, a good person and a great momma. â¤"
4283,oh my god???????????
7145,girlâ€¦
4454,?????????
3081,I'm at work so i can't watch this yet but I love you so much and I really hope you cone back us. I gor sure really need you.
407,I love you!! I love you!! I love you!! I miss your vlogs!! Be safe and keep healing!!
9886,love you so so much
3161,girl
4785,Bruh she really whipped out a ukelele and did this?!?!?  There ain't no waaaaaaay
9413,I've missed youuuuuu ğŸ«¶
3625,WHAT THE FUCK
8554,"Wow, this is worse than I ever could have imagined"
7633,"So happy you responded this way. Iâ€™m so tired of cancel culture. Youâ€™ve taken accountability about this before and youâ€™ve changed, that should be enough."
4406,Wait is this shit really just her singing for 10 minutesâ€¦â€¦â€¦â€¦
769,I love you â¤
7844,There she goes playing the victim again... Pathetic
7045,is she for real.
7394,"i have never left a comment before- but i feel urged to today. colleen, seeing you posted today made my entire day. i hope you are doing okay throughout all of this. we all miss you so muchâ˜€ï¸ğŸ”†ğŸ§¡ğŸ’›"
9357,Never believed what people were saying really I thought it was being blown way out of proportion but a song surrounding this matter was a strange move
6366,For everyone that wants to see her grovel and cry: FU
9873,omg youâ€™re back â¤
4521,SUCH A WHITE WOMAN RESPONSE
5406,"Colleen, we all made weird shit, the thing is you are an internet person, so you are public, the good things, the bad shitsâ€¦ take care of you, open a singing school, take care of your kids, your hubbyâ¤"
5606,i...what?
8316,BRO WHATğŸ«£ğŸ˜­ â€¦â€¦ this is ODD
5876,"I really feel like this isn't the way to go about this. We've all seen the messages, we've seen the videos from the shows, we've heard from your fans and what has happened to them. Taking accountability is necessary here. You can still hurt people no matter what your intentions are. This is a mockery of the people who you have hurt. Your intentions in this video is very self serving ""I won't survive in the crash"" instead of ""I'm sorry for the bad things I've done and the people I've hurt"".... see the difference?"
3434,Not reaching for the Ukulele in the first 4 seconds
1071,Girlâ€¦..
3465,"lol she was gonna stop, noticed the video wasnâ€™t 10 minutes and kept on making a fool of herself"
5903,THIS IS FUCKING HILARIOUS
1702,Probably should have listened to your team babes
5917,I truly can not believe you took this long to pull this bullshit.
2830,No way this is real
1252,We really donâ€™t give a fuck if you feel like shit girl you manipulated kids then say I didnâ€™t mean to people make mistake NOPE normal people donâ€™t make that kind of mistake !!!! PLEASE NEVER COME BACK TO ANY PLATFORM
1629,Super YIKES.
940,girl i never said i was perfect but i do leave kids alone SO ..
2345,Whomp Whomp
5238,This is 100% not going to end well. ğŸ˜‚ğŸ˜‚ğŸ˜‚
1727,10 minutes a bullshit
5589,This is not as funny nor relatable as you think it is
9483,I love youâ¤ï¸ I missed youâ¤ï¸ I loved seeing you in Chicago
9478,Sending lots of love to you Colleen.  Good to see you.  â¤ğŸ¥°
5235,"the one thing iâ€™m proud of, is i never liked her personality or found her funny - guess she should have listened to her â€œteamâ€ with this one"
7417,Put that UKULELE DOWNNN
8553,is it just me but I didn't know what was happening and sad that this happening smh!!! Love You Colleen
1082,I cannot believe a single soul thought this was a good idea LMFAOOOO
2836,what the fuck is this
3577,Can the Ethan trolls go back to their hobbit holes. Ready for the vlogs to come back when you are Colleen â¤
2739,im sorry y'all but she kinda ate <br>this is the most original youtuber apology ever
6084,oh my god youâ€™re horribleğŸ˜­
1122,WHAT
5414,Stop attacking her move on with your lives. This woman has severe depression and this is all just making it worse. Words fu^%ing hurt man
3273,This is the craziest thing Iâ€™ve ever seen.
4093,oh my godddddddâ€¦..
5978,This canâ€™t be real???
8829,Never been a Miranda fan but Iâ€™ve always been a huge fan of Colleen. People fucking change people make mistakes. Iâ€™m so over cancel culture let the girl live. She not doing shit to nobody
1117,damn this wasnâ€™t it sis
3393,Keep ur head up. â¤ï¸â¤ï¸â¤ï¸
1728,Ohâ€¦ Youâ€™re a monster.
2433,i love you colleen! i missed your pretty face and i hope youâ€™re doing okay â¤â¤â¤
244,Did she really think this was a good idea?
1954,this is beyond awful colleen. sad
5449,Love you so much Colleen ğŸ’– stay strong
5520,i totally believe your intentions and who you are as a person but PR team was right on this oneğŸ˜–
2614,Girl wdym not based on facts. There are multiple people who were there saying things abt you and loads of screenshots just get over yourself
8700,"Colleen, I watch your Videos for many many years and I always loved your humor and that it always felt like I'm one of your best friends!â¤ Keep your head up, we are here for you! XOXOğŸ¤—ğŸ˜˜â¤ï¸"
6808,As someone who was a huge fan of you from 2014-recent and idolized you for many of those yearsâ€¦ this apology video really makes me sad. I really wish you were capable of taking accountability. Youâ€™ve lost a fan in me.
6884,I had not heard any of the rumours but I would like to say you are so loved and supported. I hope you can push aside the negatively and come through this. Love you â¤â¤â¤
3954,Trash
7355,DELETE!!!! DELETE!!! DELETE!!!
8451,FFFFFFFF did you REALLY think that singing a song and minimizing the situation would be OK?????? YOUÂ´VE HURT SO MANY PEOPLE. LIKE WHAT IS WRONG WITH YOU.
1775,What were you thinking this would achieve ğŸ’€
5615,This wasnâ€™t a good idea Colleen ğŸ¤¦ğŸ»â€â™€ï¸
5919,girl...
1461,Place your bets now: how long until she unlists this video in shame?
8718,IVE BEEN WAITING FOR THISSSSSS WE LOVE YOU COLLEEN!!!!!!!!!!!!!!!!!!!!!!!!!!!!!!!
7379,ğŸ˜®
9798,â¤ you Colleen!
924,posting this on your SECOND channel too thinking it won't reach as many peopleğŸ˜­ğŸ˜­ğŸ˜­ girl you're in for it
6457,You shouldâ€™ve listened to your teamâ€¦
4498,be so fucking real
9666,Love you so much ğŸ’•
9758,I miss your posts. I don't believe anything they say. Keep you head up this to will end .
9811,no way she started an apology vid with a ukulele song
965,mf thinks sheâ€™s ariana grande when she said they couldnâ€™t say i couldnâ€™t sing
369,"Colleen, be strong in who you are. We know your heart, and we too can see through the lies.  This response was spot on, gutsy, and true!"
7496,expected better from u idk
3383,This isnt accountabilityâ€¦its just you saying everyone is lying and you did no wrongâ€¦
9231,Please come back! I miss you so much. Iâ€™m so sorry your having to go threw this.
730,You go Colleen!ğŸ¥°ğŸ¥°ğŸ¥°ğŸ¥° Love you!  I donâ€™t care what the haters think!
3298,So this is a children song ğŸ˜‚
4441,How did her PR people approve this lmao
6895,Colleen I love you so much and I applaud you for coming on here and defending yourself! I think you are an amazing person and yes mistakes were made but what is being said is so far from true. Your true fans love you and we know what kind of person you are. Hold your head up high! I love you
2506,Bruh.
2811,Missed you Colleen!
774,"Just wanted to let you know that the whole internet might be in rage about this song and the whole situation but you are still someone I look up to as a strong af and truly loving momma. I followed your vlogs for the past two years while I became a Mom myself, Never really commenting but now I felt the need toâ€¦ because everyone deserves love and support as a human being and you might have screwed up in your online past but you do so much in your personal Life for your children and Family and thatâ€˜s worth so much if Not even more. You might not be welcomed back in the online community for a while but I wish you only the best and all the love from your close Family and friends and you as a Human being are okay Just the way you are - with all your flaws and mistakes. Cause letâ€˜s Not forget: weâ€˜ve all got them. Difference is, ours are not presented and talked about all around the worldâ€¦ best wishes and cuddle the kiddos - M. â¤"
1527,"colleen, babe, put the ukulele away.."
804,THIS IS AWFUL
5476,"People seem to forget you grow as you learn more about the world, you cant expect it to go great in the beginning shes obviously grown"
1869,I still â¤ you coleen!
8663,"Can i just say this made me cry, its such a shame this is what the internet is coming to draging up past mistakes and taking it out of proportion poor colleen so many people will be here for you and when you are ready take your time with your beautiful little family come back because so many people miss you, you are so loved and your content is enjoyed by so many people miss you loads know you are a great person,you are who i look up to, to be a good mum to my daughter who is due the 8th of September sending you so many virtual hugs and please please dont let this get in your way as a strong woman â¤ï¸ much love ğŸ˜¢ğŸ˜Šâ¤â¤"
2552,Do you like Taco Bell?
9383,NO U DIDNTğŸ˜­ğŸ˜­
7819,"You are not the victim in this situation. Yes, you made many horrible mistakes so go on and apologize. Dont sing a  fucking song."
7752,"I AM ABSOLUTELY LIVING FOR THIS!! I LOVE YOU!!! <br><br>YOU ARE AMAZING, WONDERFUL, AWESOME.  YOU ARE THE BEST. YOU ARE SUCH A BEAUTIFUL HUMAN. â¤ï¸â¤ï¸â¤ï¸"
5532,Youâ€™re team was right
7107,This was the best way you couldâ€™ve responded. â¤ï¸
5858,Itâ€™s sad that we canâ€™t see the dislike button
538,RESPOND LIKE A NORMAL PERSON PLEASE AND STOP MAKING US SOUND LIKE WERE THE BAD GUYS U LITERALLY GR00MED KIDS
6191,"you have to be fucking kidding me. how the fuck does anyone do what she did and then decide ""yes, a 10 minute ukelele song is clearly the only way to respond to this."" i am so sorry to all her victims, you deserve so much more that whatever this fucking is."
9772,I freaking love you. Thank you for this. â¤
98,ok but the song kinda slapped.
9754,I love you girl. Stay strong! â¤â¤
2200,â€˜that arenâ€™t quite trueâ€™ there are videosâ€¦
816,"First of all, apolgies should never be about YOU. Itâ€™s not for your â€œdefenseâ€ itâ€™s for the people you HURT to be able to get through this. And â€œPG13â€ is not a 18+ show. The girl you spread her legs on the stage at 16 while she was wearing no pants is not 13+. The apologies are for people like her. You are over 30. Iâ€™ve been a fan of you for years, but this is sickening."
1630,She only posted this now once she realized @h3podcast is on their break
3287,Itâ€™s giving Rachel berry
2884,yikes
4618,what did I just watch?
4472,"Oh girl, this was not the move. I think you need to take a step back to think for a bit."
9329,Everyone has a past and makes mistakes. We grow. Keep your chin up girl â¤
3656,I donâ€™t give a fuck what anyone thinks everyone always needs a person to cancel but everyone makes mistakes chillen is a great person and a great mom I love you always Colleen I pray you find your peace honeyğŸ©·
1997,"I think I'm going into actual, medical shock what on earth IS this??? What are you doing?????"
673,i fucking love the internet so much
8495,We support you and your family!â¤ï¸
9221,oh please
3074,itâ€™s givingâ€¦..logical fallacies â˜ ï¸
1991,"Girl, what were you thinking?!!"
8538,Yikes.
8777,Hopefully you can come back on here and be yourself with your cute family ğŸ˜»
1191,"Girl no there was a whole evidence, why are u holding a ukelele ğŸ˜­"
8020,All our family love and support youâ€¦.donâ€™t let them bully you off here! Xx
5166,Noooo ğŸ¤£ğŸ¤£ğŸ¤£ğŸ¤£
4439,I kept thinking there was no way the song would go all ten minutes but it just kept going like a terrible car crash
4282,shes really playing the ukulele rn
3638,Where are the lyrics? lol
7606,"you do NOT get to decide that you didnâ€™t hurt people. what you shouldâ€™ve done was taken in all this information and APOLOGIZED TO THESE PEOPLE. but instead you made a joke of a video, calling them liars."
8691,Girl i hope you lose custody of your kids
2680,what the fuck is this LMFAO
7286,GIRL WHY ARE YOU SINGING
7403,"okay so you took the angry route instead? you could've sang & actually said sorry & meant it. <br>nobody is having fun with this. you chose to stay silent this long, what were people supposed to think?"
1618,Okay Gabbie hanna
182,I wish I could give you a big hug right now. :(
3501,I feel like Iâ€™m watching a dramatized episode of Victorious
7535,"""F me right"" at the end.... not needed theres enough going on in the world without cancel culture but this wasn't the way to go about this ğŸ˜¢ğŸ˜¢ğŸ˜¢"
197,"I pray you are not in agony right now, because we all know how hard you take things and how much you overthink. There are still people out here who love you Colleen. I'm praying for you and your family. Everything will come out in the wash. Stay strong and please eat something â¤"
7452,Colleen!!! I love you so much! I never once believed any of these lies. I'm so sorry your going through this. I'm heartbroken for you. You can get through this. I understand why you said it in a song. I have missed seeing your face. Take your time and heal. Come back when your ready. â¤â¤â¤
9865,we love you â¤
172,"I support you in this. You already apologized and addressed the things you did wrong years ago, so why should you apologize again for that, and additional things you don't believe you did? I'm glad to see you aren't letting cancel culture win and bowing to their demands. Please stay strong against it and don't cave and delete this or apologize when an apology is not deserved."
9613,bye
5666,â¤
4080,It's not about entertainment or having fun. This was a mess.
346,Damn ok
2688,You are extremely unserious woman why tf are you addressing allegations while singing and playing the ukuleleâ€¦.
9112,Iâ€™m so glad to see you Colleen. Love you and Iâ€™m glad you are defending yourself against all of this
1335,oh no. oh noooooooooo.
8512,ğŸ…ğŸ…ğŸ…ğŸ…ğŸ…
7105,We missed you!!! ğŸ’œ People needs to move on from a situation that happened years ago and that you already took accountability for. We know much you have chance and learn from those mistakes. We miss you and to keep seeing your content ğŸ˜¢
7263,Correction: In group chats with minors
5256,Idk how I feel about this
8309,What the fuck is this IJBOL
5416,I've missed you and I am sorry you are going through this. I know in my heart who you are and I will always support you.
7481,"PLEASE DONT LEAVE AGAIN ğŸ˜¢ they can leave, Iâ€™ve been watching you and Miranda since the very beginning.. my heart dropped when I saw you finally posted. I love you so much and I miss your little family â¤ï¸"
8338,Weâ€™ve missed youâ¤
2334,"Colleen, you should have not said anything. You really just threw yourself under water girl."
9288,"We love you!!! I have missed your videos so much. â¤ï¸ Your true fans know who you are, these people spreading lies just want to be famous."
1946,Worse than Laura lees response video when she got canceled ğŸ˜ª
4404,I donâ€™t know what to think atp
2388,I think you should have taken a different approach. Itâ€™s lacks sincerity.
3670,Girl be SO FOR REAL RIGHT NOW lmfaoooooo
297,Iâ€™m with you ColleenğŸ’• the things that are being said about you is unfair!
5304,As if she just sung an apology ğŸ˜­
4459,Ooof babe this is tone deafâ€¦
7666,Why are u singing colleen if u would have just said what u needed to say it would have blown away
393,"I want to say to everyone here;  I wish you all good things, and overload of LOVE! Give or get a hug today â¤"
353,"Colleen! I genuinely hope you read this because you were such an amazing person and unfortunately in the day and age we live in now people are insecure and get bored and like to pray on peoples downfalls and bring up past events just for an ounce of entertainment. You truly do not deserve any of the hate youâ€™re receiving, please continue to keep your head up and stand up for what you think is right! My friends and I love you and look up to you so much! We will always support youâ¤ï¸"
2435,oh my GOD shes weird
6890,Iâ€™mâ€¦â€¦.shook <br><br>â€¦â€¦..but honestlyâ€¦â€¦. Iâ€™m with her.
8802,Colleen you used your voice and music in the best way you could and you did that to feel comfortable while addressing this awful topic about you. NOTHING WRONG ABOUT THAT <br>Super proud colleen!<br><br>As long as we all know you're growing too and learning through it like everyone else is. Nobody else and their opinions should matter <br><br>Love and prayers to you!
9055,"Colleen, Iâ€™m all for allowing people to grow and learn and change. But this video as a response to everything thatâ€™s going on was not to way to come back. Iâ€™m disappointed because I really thought you would have reflected and actually acknowledged everything."
9954,Never clicked so fast
3496,there is absolutely no fucking way
3697,"Daaaamn, people really need to chill out. The Internet is such a toxic place... And they have the audacity to call themselves ""fans""... Love you, Colleen! Stay strong â¤"
1270,um.
5857,Seriously?
2135,Girl what the actual fuck
8976,I hope you know theres alot of people who see your heart and know you are such a loving person. We are here for you â¤ï¸
7653,deranged human being what is actually wrong with you
8039,"Oh colleen, I don't know what's gone on, but I am so sorry whatever has happened. My daughter and I miss watching your videos so much, and I really hope you're ok. This made me cry. You're not a loser. you're really not. Ok, I'm going to be honest. I'm not a huge fan of miranda, but we love you. I just want you back to your usual self and making videos, I am so sorry of whoever is being toxic towards you. We miss you colleen ğŸ˜¢xx"
3031,God im so disappointed. Like girl really ick
5524,"who told her this song was a good idea. i really donâ€™t understand. <a href=""https://www.youtube.com/watch?v=ceKMnyMYIMo&t=3m01s"">3:01</a> and <a href=""https://www.youtube.com/watch?v=ceKMnyMYIMo&t=4m07s"">4:07</a> = âœ¨delusionalâœ¨"
597,â¤â¤â¤
5048,Iâ€™m speechless right now
7772,"I actually like this form of your apology. Itâ€™s you. Itâ€™s who you are. You sing, songs about everything you do, go through, experience etc. also, good for you for not caving and giving some bullshit apology. You know who you are. Nobody else does. Thatâ€™s the shittt thing about the internet babes. Keep pushin."
9485,I never agreed with any of the stuff people are saying on the internet as Iâ€™ve always looked up to you â¤
2155,Start streaming reputation by Taylor swift
5034,"Dear Mir-fandas,<br><br>I'm sorry I upset you. I didn't mean to. It was really just a joke. I thought you could take a joke. But I guess I was wrong.<br><br>I've been teased before about wearing glasses but I never felt I had to tell the teacher about it and get someone else in trouble. Maybe you're just over-reacting?<br><br>I don't understand why you're so upset about such a small thing.<br><br>I thought we were friends.<br>Colleen"
7386,She needs to make a real apology not a song
3315,Canâ€™t believe she still thinks this is a joke
3758,STOP PLEASE OH MY GOD
2351,Why did you apologize with a ukulele? You should be able to apologize normally
8457,you are so frightening
8364,you are an evil woman
6223,"Coleen-  Thank you for posting again!!  I will always be a fan!  Your videos brighten my day!   Your smile, your babies and family are amazing!  I look forward to you coming back and sharing your life!  You got this!  Huge fan from Houston!!!  Love you and Eric!"
6384,I love you anyway Colleen!
868,Girl you could have saved yourself...
8586,"I absolutely adore you and I'm so sorry you are going through this!! Your videos have helped me tremendously, especially as a mom. I really hope you keep making videos. Thank you so much for all that you doâ¤â¤"
2783,LMAO this has to be a joke
9347,Youâ€™re such a good and hilarious person. People are evil and will always find something or twist it to be horrid. You are soooo loved! Love that you made a song about it. Freaking show them! â¤ï¸
6719,wow okay I thought I was still supporting you until this terrible video.
5586,This was a good way of responding. I miss your videos. â¤
1679,Straight outta a Disney channel orginalğŸ˜­
9045,Love you â¤
8368,Love you Colleen!! â¤ Iâ€™m glad youâ€™re standing up for yourself and not giving into these people trying to bring you down!
1266,This is so deranged ğŸ˜€
2012,Colleen this is such a brutal miscalculation
5850,The ukulele was not it
3825,Girl you literally groomed children thereâ€™s proof
7439,Iâ€™m embarrassed for you. You deserve to lose everything
3652,PG-13 isnâ€™t spreading your fansâ€™ legs on stage.
1871,Someone call you out for PEDOPHILIA and you decide to sing your apology
8315,i love you â¤
4491,Girl seriously what the fuck is this
3205,this has to be a joke right
1170,"This sucks, genuinely."
3531,"Good to see you Colleen! I missed your videos. Youâ€™re a kind, genuine person!"
302,i love you forever colleen im not even going to try to figure out why you got cancelled or why you're apologizing but i love you and thats all that matters i dont care what your past has to tell us.
3012,"i donâ€™t know what i was expecting, not much, but definitely not a fucking song. this is unreal. itâ€™s clear you donâ€™t care whatsoever about what you put these people through. you couldâ€™ve maybe approached this way differently."
193,"Colleeeeennn, Iâ€™VE BEEN SO WORRIED ABOUT YOU. <br><br>my heart is with you.  And I believe in you."
7804,what timeline is this
5331,Way to go to disrespect the young people who felt uncomfortable.
1295,"You haven't addressed the people you hurt and used. You have added streamers and smears of lipstick to <b>serious</b> allegations. <br>Spreading a teen's legs is <b>automatically</b> sus, regardless of context.<br>You need to learn to be objective instead of reactive to criticism. <br>Because if you can't, I have a pretty good idea what  diagnoses might suit you..."
6069,MY QUEEN!!!!
7791,Absolutely not.<br>You literally caused people so much pain and you come on here with a damn songâ€¦<br><br>No.
27,Iâ€™m uh-
7054,"Colleen, I've missed you, I've been praying for you ğŸ™ â¤ï¸ love you."
4065,you didnâ€™t even apologize you absolutely have NOT taken accountability just bc you keep saying you did
8822,Omggg finally Colleen Iâ€™ve missed youuu so much ğŸ¥ºğŸ¥º
2534,babes put the ukulele down...
4069,Uh oh
377,You are loved Colleen!
4203,You canâ€™t be seriousâ€¦ ğŸ¤£
3757,Oh honey no
3095,super dismissive. very disrespectful. not cute.
6118,Love you Colleen â¤ï¸
8393,YESSSS !!!! LOVE YA !!!!!
1094,How passive aggressive can one person be?  Grow up!  You are an awful person and are still blaming the people you hurt!!!
2557,girl shut up. you were predatory. they were victims. minimizing their experiences wonâ€™t get you far.
8926,WE LOVE YOU
2760,...be so for real right now
1596,Itâ€™s not a mistake if it happened multiple times.
7741,yikes
3440,Iâ€™ve missed u
9234,ğŸ’œ
5242,you TRAUMATIZED children!!!!! THERES PROOF OF IT!!!! This is a big case of ukulele victimitis. Is this a joke to you?
7827,So happy to see you. â¤
4286,"we did have fun, thank u"
8249,"Colleen i love you!!! Just know i support you, i love you, and iâ€™m sorry this is happening to you!"
4117,TALK ABOUT THE ALLEGATIONSâ€¼ï¸â€¼ï¸â€¼ï¸â€¼ï¸
7940,i canâ€™t believe youâ€™re fooling all of these people in the comments AGAIN. youâ€™re genuinely not a good person
4313,Lmaooooo ohh darling. They only thing I seen was a video about you talking about a dog you abused and got put down I was so shook that was sad. But I hope your mental health is ok. This song however ğŸ˜‚ I can not
9750,AWW WE MISS YOU!!â¤ just know we are all supporting you and we know these people just want attention ğŸ’•ğŸ’•
7137,â¤â¤
22,"This song is taken as insensitive , but knowing Colleen itâ€™s her way of showing that she cares."
4882,Still love you lady
2058,absolutely REPULSIVE
8682,"Perfect response!!!  Come on back to us, it's where you belong. This too shall pass."
9527,I love you
8684,"Let's normalize celebrities defending themselves instead of doing what cancel culture  wants them to do and completely disappear ğŸ‘ğŸ‘ she's allowed to be angry about millions of people lying, you would be angry too!!!"
8410,ğŸ’“ğŸ’“
1677,Did she literally filter his name out of the comments? I havenâ€™t seen it once??
8308,This is so out of touch. You have caused irreparable damage and harm to a vast amount of people. And instead of acknowledging this and owning up (because there is literally proof) youâ€™re singing?? Unbelievable
8785,colleen please be so fucking for real
6982,girl what is this
4607,You are out of your mind for posting this
2243,sheâ€™s officially lost her mind
6589,I kinda like it ğŸ™Š
6371,So you're going to try and Zoey Deschanel/quirky girl your way out of this?
6104,So proud of you! â¤ï¸
6611,oh iâ€™ve been waiting for this oneğŸ˜ğŸ¤£
9616,i love you so moch
5668,"Theres plenty of people (aside from youtubers as well) who have changed from their pasts, and become better people, thats how we grow as humans. But most of if not all of them apologize authentically with statements whether it be in person or online. I appreciate the idea behind this personally, as a commentary on apology videos as well, but with so many screenshots and reciepts I think you need to do more than just this. People were really hurt, Colleen. Iâ€™m writing this as a previous fan, and person who always looks to kindness and positivity. I think most people know that Miranda is PG-13, but still most of the fans of Miranda are children so itâ€™s not fair to them to be put in situations they donâ€™t understand but adults do. I hope you read this specific comment from a place of caring and love, because as a previous fan I do care about you as a human being. We all make mistakes, but to grow you have to embrace the mistakes. Certain things need to be addressed not defensed. (Also why was this not posted on the main channel?)"
608,"Colleen, it is important to grow from your mistakes from your past. Although everyone makes mistakes, it is important to take accountability with responsibility. Everyone does things wrong, life goes astray, but you owning up to your mistakes and growing from them is very important. You did just that. Please don't let the unencouraging comments get to you. â¤"
9188,This isnâ€™t how I expected you to come back but Iâ€™m so glad it is. Some of us still really love you and support you.â¤
5567,Omg D:
1182,Well this is the most delusional video I have ever seen. Just do absolutely anything so you don't take accountability I guess. You're such a quirky gatekeep gaslight girl boss with your random song. Imagine writing this song because you got caught out bullying teenagers and being inappropriate.. I can't..
143,"Everyone needs to sit down and take a second. If she would have sat there and made like a 25min video apologizing, you guys would call her a liar, say you don't care and say ""she's only responding because she got caught"". If she never responded, you guys would say she's guilty. If she completely stuck up for herself, you guys would also say she's a liar and say that you've already seen the facts. So now she gives you a response, not meant as an apology, just kind of saying ""don't believe everything you see"" because guess what, there's two sides to everything. I have been a fan for years, and yes what I have seen is really sickening and it makes me really sad, but I'm not going to bash her before I've even heard her side. This whole cancel culture shit is really fucking annoying, I swear people aren't even fans of her and are bashing on her. Chill tf out."
1005,This isnâ€™t the one babe
8524,Iâ€™ve missed you and have been really worried about you! So glad to see your face again.
5290,"this is the most unhinged thing i think ive ever seen surface youtube, worse than dramageddon. what the hell is going onğŸ˜­"
9781,thank you for speaking out. i love you! ğŸ’•
1144,Womp womp
5099,u cant even sing girl
7000,I love u Colleen â¤ï¸â¤ï¸â¤ï¸
8701,"Colleen the people that know and love you and your family are here for you , keep your chin up things will fix themselves out â¤"
955,did she even say sorry? or like... she says mistake singular
7397,Comments criticizing you are hidden
4032,"Woop i'm so out of the loop with the whole Colleen hoover is bad thing, but this is truly one of the most tone deaf responses I have EVER seen"
5120,oh girl this is not itâ€¦.
2802,"I agree with her, all the fans are weirdos and love to crucify someone for their past. You know damn well she wasnâ€™t trying to do anything inappropriate with her fans. You just want a reason to be mad at someone."
7388,This is a wild thing for a grown adult to post.
7773,Iâ€™m so proud of you colleen ğŸ¤
5078,Yikes
3188,ğŸ˜‚ğŸ˜‚ğŸ˜‚ğŸ˜‚ğŸ˜‚
5722,if you don't put that damn ukulele down
973,"i hated this, surely it has to be a bit"
1072,Girlâ€¦ no.
7002,"Oh you sweet thing. I am tearing up watching this. Im so sorry this is happening to you.  As someone who has made a serious mistake in my life, I know how it can feel. I cannot even imagine being in the public eye. Please stay strong.  You, your kids, your husband all know your a wonderful person/mom/wife and thats all that matters."
4081,You almost have to admire her utter audacity pulling such a ludicrous stunt like this to absolve herself of blame for her crimes involving literal children
1740,Probably not the best choice to do an apology video.
5018,HAHAHAHHA
9306,I love you Colleen Iâ€™ve been a fan for a long time just keep your head up the real ones will always stick up for you your sweet person who doesnâ€™t deserve this i stand with you ğŸ’•itâ€™s going to be ok even tho it probably doesnâ€™t seem like it rn
2384,why would you think this is a good idea ğŸ˜­ğŸ˜­ğŸ˜­ğŸ˜­ğŸ˜­
1404,Maybe you shouldâ€™ve listened to your team ğŸ˜„ğŸ‘
9627,Love you ColleenğŸ’•
967,Colleen. You made KIDS put their hands down your trousers at your shows. You havenâ€™t taken ANY accountability what the fuck is this?
6774,This is bad
8376,what is wrong with you
9976,FINALLY ADDRESSING
6291,now who told her this was a good idea ğŸ’€ğŸ˜­
2209,LMFAO SHE REALLY WROTE A SONGğŸ’€ğŸ’€ğŸ’€ğŸ’€ğŸ’€
3077,Iâ€™m sorry but did she just put the blame on us?
7034,Bruh
2494,girl this is so fucked up LOL WHAT
2414,youâ€™re horrible oh my god???
6745,Lol
9814,We miss you Colleen ğŸ˜¢
8021,ooooffffffff you and Matt Healy should meet
9066,Love you so much!! I have missed you.
1095,LMFAOOOOO  WHY TF IS SHE SINGING THIS CANT BE REAL LIFEEğŸ’€ğŸ’€ğŸ’€ğŸ’€ğŸ’€ğŸ’€ğŸ’€ğŸ’€
2343,boohoo not colleen playing victim bc proof came out sheâ€™s a shitty person
3804,NOT THE UKULELE
1154,pls tell me this isnâ€™t your real apology ğŸ˜­ğŸ˜­ğŸ˜­
3926,LOL how can a teen manipulate you? oof. thereâ€™s complete proof colleen.ğŸ‘ğŸ»ğŸ‘ğŸ»ğŸ‘ğŸ»ğŸ‘ğŸ»
1712,This is far from taking any accountability whatsoever
2303,Girl why ğŸ¤¦ğŸ»â€â™€ï¸ğŸ¤¦ğŸ»â€â™€ï¸ğŸ¤¦ğŸ»â€â™€ï¸
8414,This video is the BEST! I love itâ¤â¤. Your response is perfect.
5225,Is thisâ€¦an apology??ğŸ˜‚ğŸ˜‚
9363,â¤
7941,ğŸ’—ğŸ’—
2648,Girl put that guitar down
9009,f*** you for this seriously
7364,"Hi Colleen! I donâ€™t know to say. Other then there are still a bunch of us that still love you and are glad that one, your ok. And two, that you are taking responsibility for your actions. Everyone makes mistakes like that a lot. But I have seen more then that over the years. Iâ€™ve seen you love, laugh, and be your TRUE self around others. Including us. ğŸ˜Œ. Not only that. But also saw you become a mom and teach THREE new kids about the world around them, and I canâ€™t think of anyone else with that many and that young if kids thatâ€™s doing as good as you! You created the phase â€œHaters Back Offâ€ and are sticking with it! And we love you for that. Some people never change or give up or anything! Your one of those people colleen ğŸ˜˜ğŸ˜Œ<br><br><br>I know you did not have bad intentions. But saying your sorry is the best you can do. And because your doing that, and having the gut to do it now on the internet no doubt. Thatâ€™s a true queen!"
4058,"Maybe she canâ€™t talk details for legal reasons, but she keeps mentioning the facts, so what are the facts? Tell us how the evidence and receipts are wrong. Go ahead. Because right now not being able to prove that these so called â€œfactsâ€ arenâ€™t being listened to or taken into consideration is making the situation look even worse. Idk how one looks at damning evidence and goes thatâ€™s not right, then refuses to elaborate how. I just want everything out in the open."
6381,nah iâ€™m cackling wtaf this is WILDDDDDDDDDSS
7335,Shameful
8539,"Itâ€™s important to think, Do you judge someone by the worst thing they do or the best thing they do?"
5665,"when the red flags wave themselves, believe them. ğŸš©you should have put the ukulele away and listened to your team."
6250,Colleen really? Youâ€™re right btwâ€¦. This is disappointing ğŸ˜‘
6267,girl what ğŸ˜­
3903,This is actually comical
5448,what the literal fuck
1068,I donâ€™t recognize you in this video :/
2441,no way this is real ğŸ˜­
2572,"go girl, ignore the comments like you ignored the rolling stone article"
7847,saw you last week in indy and will continue to send you love and support. we all make mistakes and we have to learn and grow for them! the bandwagons of hatred and misinformation people jump on are hideously alarming. thank you for finally talking about this! â¤ you deserve to be heard and have your apology listened to and accepted!
5169,This will go down in YouTube history
1492,This cannot be serious
6092,This is almost as bad as when sienna Mae responded to serious allegations with a dance video ğŸ’€ğŸ’€
3070,This wasn't it. This isn't taking accountability. This resolves nothing.
2722,Is all true tho mate
9672,Happy you are getting through this!! Have been watching you for YEAAARSSSS and I know you are a good person
2363,Iâ€™m sad this is happening many years after it happened. (B4 yâ€™all come for me Trisha to me is way worse)
7280,Iâ€™d delete this if I were you
9825,Umm
867,"oh my fucking god.<br>two fucking weeks to have this as an ""apology""<br>fucking bullshit."
511,Colleen. I love you so much.<br>What you did was wrong BUT a you HAVE CHANGED!!<br>Iâ€™m Amman from your Thousand Oaks show.<br>You are amazing and I will always appreciate you.
9503,colleen i think you shouldâ€™ve listened to your team on this one.
6874,Awwwwwe Colleen!!!!!!!!
7356,stay strong
8815,Haters Back Off!!!!!!!
4223,YOU SHOULDVE LISTENED TO YOUR TEAM ğŸ˜­ğŸ˜­ğŸ˜­ğŸ˜­ğŸ˜­
4735,what the hell is thisğŸ¤¡ğŸ¤¡
9539,I hope you're okay. Thank you for opening your home and life to us that care about you and your family. We love you. I will continue to support you and your family.
4561,She's a mom! That's what baffles me
3544,oh thatâ€™s not-
6491,Does she not know what people are mad about?
9169,Maybe shouldnâ€™t over share in the first place?
8660,Please come back to vlogging your real fans miss you!ğŸ˜Š
4586,This is baddddd
4614,"If someone took advantage of me then put THIS video out I would feel worse. I know everything happened a few years ago, some of it still ongoing at her shows but time doesn't heal wounds. Traumatic experiences stick in your brain forever but to make a song about how you're not sorry for what you did and not acknowledging you did something wrong is pathetic and like I said, revictimizing.<br><br> The good news is, she cant claim defamation because there are videos and text messages to prove it."
2191,how disappointing was this... wow
4307,NO WAY.
2991,"Are you freakinâ€™ kidding me? This is how you respond? Taking no accountability whatsoever, even with all the proof thatâ€™s been produced. Absolutely disgusted right now."
1978,this is so gabbie hannah
8895,Missed you ğŸ˜¢â¤
8402,This!! â¤â¤â¤â¤â¤
4372,you cannot be serious ğŸ˜­
3814,Thanks for coming back
3628,Sending love ğŸ’• I havenâ€™t stopped thinking about you
9570,"it feels weird not watching you almost everyday, it was something i always did- but i really hope youâ€™re okay"
8871,I am a silent viewer and I just want to let you know that i have been logging on everyday to check if you have posted and i love you so much. I have made a mistake (as has everyone on the planet) so this doesn't change a single thing i think about you. All these lovely comments are people who care and support you <3
8001,"I hope we start to impose clear guidelines for influencers to protect them, and fans, from this in the future. Colleen and Jenna marbles... good souls and entertainers who grew up in the social media spotlight and were persecuted for their pasts. We sure do blur boundaries when influencers share their lives with us. Suddenly nothing is off-limits to fans."
54,thank you so much you are so brave
4084,I SAW IT ON TIKTOK I CANT BELIEVE ITS REAL
8816,I love you so much Colleen I donâ€™t believe these rumors and I canâ€™t believe people are being so rude to such a kind person like youâ¤
2667,"oh god, Iâ€™m watching a dumpster fire"
6101,"I've been away from social media for a while, what happened exactly? I'm so confused..."
5426,Hang in there. Focus on you and your family.  You know what you need to work on as a person and thatâ€™s what matters. Not one person is perfect and the fact that they are all standing on a soap box acting like they are is ridiculous.
460,Slayy
6516,I have been subscribed for 10 yearsâ€¦ Im unsubscribing
6841,â¤
4191,what the fuck is this aaaaaa ğŸ¤£ğŸ¤£ğŸ¤£
7225,it was bad for her.... it was really bad for her... and yes i was liking all the shady posts!
625,Best apology Iâ€™ve seen
3699,Ain't no way
9412,We love you Colleen!!! I hope youâ€™re ok! I hope these meany people go away
390,KEEP YOUR HEAD UP â¤YOUR DOING A GREAT JOB â¤
6801,I can't believe they're going on and trashing you for what past I don't believe everything I hear on YouTube
9830,First comment.
6245,NOT THE UKULELE â˜ ï¸
8603,"Sorry you have been hurt so badly, attacked and broken. Missed watching your videos...stay strong, you still have fans here for you"
5833,"You really woke up and thought this was a good idea, huh"
1467,this is not real LMFAOOOOO
2898,"10 minutes gone by, no ""sorry"" detected"
7554,cancel culture is horrible. your true supporters know you and your heart and we love you. <3
9910,ğŸ‘€ğŸ‘€ğŸ‘€ğŸ‘€
9555,"not even 4 minutes in, but sheâ€™s a lyrical genius."
4582,what the fuck LMAOOO
9543,We love and missed you Colleen!
8525,"This is a perfect response. The internet is so extremist. You fucked up, you know that, youâ€™ve suffered consequences because of that.. done."
8166,â¤
2919,There's literally proof lol people are not making up rumors. You've behaved totally inappropriately towards underage fans. Time to throw in the towel and get a normal 9-5 job.
8067,The fact that this got almost 7k likes that means probably 7k people agree with her and stand with her
8880,Stay strong! I miss you !!!
5196,"Some ideas should stay like that, ideas. This ain't it... It isn't too late to private the video tho"
1010,omg this feels like the gabbi hanna thing all over again
7672,i love you. please donâ€™t forget so many of us do and will support you forever.
7011,"Please donâ€™t stop posting, sharing with us and pursuing your amazing career, Colleen. Every single human makes unintentional mistakes ALL THE TIME. Youâ€™re loved and trusted, and we need you here (as long as you want to be) â¤"
4539,GIRL WHAT IS THIS ğŸ’€
4396,what the fuck
2215,"thereâ€™s actual evidence. texts, videos, AUDIO made by ur friend coryğŸ˜­"
3797,You are seriously delusional if you think this is any kind of acceptable.
656,"I mean we all gotta calm down. She chose to expose herself but no one is perfect. I really think sheâ€™s changed, people change and try to be better. We should all try and be better than yesterday, seriously who are we to judge people by their past??"
5749,How much does this woman love the sound of her own voice? Height of narcissism.
2840,Oof.
5043,I feel such a responsibility to say that I believe you Colleen and I am so sorry you are having to go trough this. This situation is not fair to you and your family and it makes me feel so disappointed with this new generation of teens and young adults relying on cancel culture and making someone else's life difficult. I appreciate the creative way to decided to stand up for yourself and I admire the strength this videos probably took for you to make â¤
3489,bro imagine if logan paul did this
86,I love you Colleen Iâ€™m sorry about this â¤
10010,first
9202,I have been so worried about you. I know you arenâ€™t doing good but know your fans are heartbroken for you! All the hugs in the world!
2736,dawg â˜ ï¸
5880,"People saying she needs to take accountability. What will taking accountability do exactly. People need to get a life and stop being toxic to everyone. If there are victims of any crime from anyone that has ever been 'cancelled'  they should go to the police if they think something really wrong has happened to them, or have had a crime committed against them. That's how people are held accountable. The mob baying for blood does not improve anyone's lives. The mob is not better than anyone."
9780,Hold Ur head up queen
2670,"Hey Colleen<br> I just wanted to let you know that as soon as I heard the rumours I acknowledged it was likely you made a mistake in the past (as you said people make mistakes) BUT I immediately decided based on the information out there and how you seem to live your life now (not that anyone really knows (which is part of the reason I feel like maybe they shouldnâ€™t be so quick to judgeâ€¦. Annnyway)) that you seem like youâ€™ve grown and moved on. Even if it was an unfortunate mistake that seemed to hurt people, if you choose to lean and grow and change the way you behave, in my personal opinion thatâ€™s enough to show you actually are remorseful of your behaviour and there is tons of room for forgiveness. Anyway just wanted to sound off for the people who didnâ€™t jump on the train cuz they see a genuine caring woman in you and weâ€™re standing with you the whole time ğŸ‘"
2487,"yâ€™all she never said this was an apology videoâ€¦ she is sticking up for herself. sure she made some mistakes, but that was a few years ago, it was addressed, she apologized, it shouldâ€™ve been over. now itâ€™s being brought up again, and i definitely think this time itâ€™s for clout. let her live her life."
4627,Youâ€™re delusional.
6185,We support you!! Stay Strong!!
1864,"If you were really ""apologizing"" then youâ€™d put this on your main channel, not your vlog channel ğŸ˜‚"
845,Colleen you still have people that love you! Please know that! â¤
6793,WHAT THE HELLğŸ”¥ Creepy.
2965,"maybe donâ€™t deny everything and move on, maybe talk about why they arenâ€™t true. maybe we believe it because we havenâ€™t heard any other reason, even now!!"
961,oh sheâ€™s done done now fr fr
889,Gabbie Hanna is that you?
7950,"Colleen we've never met in person but I got to know you through your videos and I consider you a friend. I just wanted to tell you that I am sorry for the why you've been treated recently. You don't deserve it. I know that it must be hard for you right now but please remember that there are a lot of people who care about you. I will be here once you are ready to go back to making videos, as I am sure a lot of other people will â¤"
1121,I donâ€™t like how she victimizes herself the whole song
2559,"Literally what is wrong with you you only care about yourself, these poor kids"
